{
  "responseHeader": {
    "status": 0,
    "QTime": 34,
    "params": {
      "fl": "*,score",
      "indent": "true",
      "q": "text_en:paris attack OR text_de:paris-Angriff OR text_fr:paris attaque",
      "group.limit": "10",
      "group.field": ["organizations_mentioned_f",
        "persons_mentioned_f"
      ],
      "group": "true",
      "wt": ["json",
        "json"
      ],
      "rows": "1000"
    }
  },
  "grouped": {
    "organizations_mentioned_f": {
      "matches": 178,
      "groups": [{
        "groupValue": null,
        "doclist": {
          "numFound": 41,
          "start": 0,
          "maxScore": 0.19324143,
          "docs": [{
            "text_fr": "RT @Lisaraniray: Paris je t'aime.\\n#PrayForParis https://t.co/xAHCb0x9Kj",
            "id": "669728768366243840",
            "timestamp": "2015-11-25T11:05:55Z",
            "language": "fr",
            "retweeted": false,
            "sensitive": false,
            "user_mentions": ["Lisaraniray"],
            "hashtags": ["PrayForParis"],
            "user_id": "583895882",
            "user_name": "vishalpadhiyar1",
            "verified": false,
            "profileImageURL": "https://pbs.twimg.com/profile_images/643756012944527360/864K98GM_normal.jpg",
            "geo_co_ordinates": "Jaipur, Rajasthan",
            "retweetedID": "665429997725859840",
            "textBlurred": "guerre l'avion russe contre c'est #ei les #turquie #syrie. l'ei ",
            "_version_": 1520744592746479617,
            "score": 0.19324143
          }, {
            "text_fr": "#Sassoufit #Sassoufit Tellement d'événements qui se succèdent #Liban #Paris #Bamako #Tunis #Syrie... Je suis devenu #toutlemonde",
            "id": "669350566682828801",
            "timestamp": "2015-11-24T10:03:05Z",
            "language": "fr",
            "retweeted": false,
            "sensitive": false,
            "hashtags": ["Sassoufit",
              "Sassoufit",
              "Liban",
              "Paris",
              "Bamako",
              "Tunis",
              "Syrie",
              "toutlemonde"
            ],
            "user_id": "4023241827",
            "user_name": "la_sangha",
            "verified": false,
            "profileImageURL": "https://abs.twimg.com/sticky/default_profile_images/default_profile_3_normal.png",
            "geo_co_ordinates": "",
            "retweetedID": "",
            "textBlurred": "plus depuis contre #sassoufit guerre a #turquie : #syrie l'ei ",
            "_version_": 1520744592701390848,
            "score": 0.15459315
          }, {
            "text_fr": "#Sassoufit la_sangha: #Sassoufit Tellement d'événements qui se succèdent #Liban #Paris #Bamako #Tunis #Syrie... Je suis devenu #toutlemonde",
            "id": "669350570793287680",
            "timestamp": "2015-11-24T10:03:06Z",
            "language": "fr",
            "retweeted": false,
            "sensitive": false,
            "hashtags": ["Sassoufit",
              "Sassoufit",
              "Liban",
              "Paris",
              "Bamako",
              "Tunis",
              "Syrie",
              "toutlemonde"
            ],
            "user_id": "4023241827",
            "user_name": "la_sangha",
            "verified": false,
            "profileImageURL": "https://abs.twimg.com/sticky/default_profile_images/default_profile_3_normal.png",
            "geo_co_ordinates": "",
            "retweetedID": "",
            "textBlurred": "plus depuis contre #sassoufit guerre a #turquie : #syrie l'ei ",
            "_version_": 1520744592701390850,
            "score": 0.15459315
          }, {
            "text_fr": "la_sangha: #Sassoufit la_sangha: #Sassoufit Tellement d'événements qui se succèdent #Liban #Paris #Bamako #Tunis #Syrie... Je suis devenu #…",
            "id": "669350993356812289",
            "timestamp": "2015-11-24T10:04:47Z",
            "language": "fr",
            "retweeted": false,
            "sensitive": false,
            "hashtags": ["Sassoufit",
              "Sassoufit",
              "Liban",
              "Paris",
              "Bamako",
              "Tunis",
              "Syrie"
            ],
            "user_id": "3130956173",
            "user_name": "RelaxInParis",
            "verified": false,
            "profileImageURL": "https://pbs.twimg.com/profile_images/586643280345092096/gQDn5nvW_normal.jpg",
            "geo_co_ordinates": "Paris, Ile-de-France",
            "retweetedID": "",
            "textBlurred": "plus depuis contre #sassoufit guerre a #turquie : #syrie l'ei ",
            "_version_": 1520744592707682307,
            "score": 0.15459315
          }, {
            "text_fr": "RT @GossipRoomOff: La ville de Paris a éteint les lumières de la Tour Eiffel en mémoire aux victimes des attentats. 🙏🇫🇷 #PrayForParis https…",
            "id": "669353016005435393",
            "timestamp": "2015-11-24T10:12:49Z",
            "language": "fr",
            "retweeted": false,
            "sensitive": false,
            "user_mentions": ["GossipRoomOff"],
            "hashtags": ["PrayForParis"],
            "user_id": "866717755",
            "user_name": "larycroute",
            "verified": false,
            "profileImageURL": "https://pbs.twimg.com/profile_images/600447143590105088/cU163mqX_normal.jpg",
            "geo_co_ordinates": "Citoyenne du monde.",
            "retweetedID": "665612094180577282",
            "textBlurred": "#prayforparis victimes #syrie al ds #salahabdeslam contre paris services #turquie ",
            "_version_": 1520744592713973760,
            "score": 0.15459315
          }, {
            "text_fr": "Les grues, symbole de la paix, pour @Paris Origami cranes for #PrayForParis https://t.co/1qrz7pvnA6",
            "id": "669728972419284995",
            "timestamp": "2015-11-25T11:06:44Z",
            "language": "fr",
            "retweeted": false,
            "sensitive": false,
            "user_mentions": ["Paris"],
            "hashtags": ["PrayForParis"],
            "user_id": "895651194",
            "user_name": "MmeGoulet",
            "verified": false,
            "profileImageURL": "https://pbs.twimg.com/profile_images/378800000569398491/7e12fa647e8ca318630baf24a68d9eb7_normal.jpeg",
            "geo_co_ordinates": "",
            "retweetedID": "",
            "textBlurred": "guerre l'avion russe contre c'est #ei les #turquie #syrie. l'ei ",
            "_version_": 1520744592746479619,
            "score": 0.15459315
          }, {
            "text_fr": "RT @GaspardAlizan: #Hollande en \\\"chef de guerre\\\" (Mali-Charlie-Paris) qui progresse dans l'opinion ça va l'inciter à des troupes au sol en …",
            "id": "669953723037319168",
            "timestamp": "2015-11-26T01:59:49Z",
            "language": "fr",
            "retweeted": false,
            "sensitive": false,
            "user_mentions": ["GaspardAlizan"],
            "hashtags": ["Hollande",
              "Syrie"
            ],
            "user_id": "1724927846",
            "user_name": "Pairedailes",
            "verified": false,
            "profileImageURL": "https://pbs.twimg.com/profile_images/516319659755200512/Z__kEC8L_normal.jpeg",
            "geo_co_ordinates": "",
            "retweetedID": "669947299716587521",
            "textBlurred": "contre #russie #turquie #sassoufit : guerre #prayforparis les russe #daech ",
            "_version_": 1520744592753819651,
            "score": 0.15459315
          }, {
            "text_fr": "Deux, Trois Ou Quatre\\n\\nhttps://t.co/iC9VrbVs7P\\nMagazine #DarAllsalam\\n\\n#Paris #France #ISIS #ISIL #IS https://t.co/4pm0TrOZF2",
            "id": "671473639045406723",
            "timestamp": "2015-11-30T06:39:25Z",
            "language": "fr",
            "retweeted": false,
            "sensitive": false,
            "url": ["https://archive.org/download/DrAlIsllm7/D%C3%A2r%20al%20Isl%C3%A2m%207.pdf"],
            "hashtags": ["DarAllsalam",
              "Paris",
              "France",
              "ISIS",
              "ISIL",
              "IS"
            ],
            "user_id": "4296673235",
            "user_name": "battar_103",
            "verified": false,
            "profileImageURL": "https://pbs.twimg.com/profile_images/671405330497163264/v4OMMnEX_normal.jpg",
            "geo_co_ordinates": "",
            "retweetedID": "",
            "textBlurred": "guerre l'avion russe contre c'est #ei les #turquie #syrie. l'ei ",
            "_version_": 1520744592766402563,
            "score": 0.15459315
          }, {
            "text_fr": "RT @BCMBasket: Sportica sera vêtu en 🔵⚪️🔴, ce soir, en hommage aux victimes des attentats de Paris 🇫🇷 #PrayForParis https://t.co/9B0lhuJsw7",
            "id": "671473920898408448",
            "timestamp": "2015-11-30T06:40:32Z",
            "language": "fr",
            "retweeted": false,
            "sensitive": false,
            "user_mentions": ["BCMBasket"],
            "hashtags": ["PrayForParis"],
            "user_id": "2255073996",
            "user_name": "Valentin_PARIS_",
            "verified": false,
            "profileImageURL": "https://pbs.twimg.com/profile_images/414043664399482880/eEoKxG4-_normal.jpeg",
            "geo_co_ordinates": "",
            "retweetedID": "671329679048056832",
            "textBlurred": "#prayforparis victimes #syrie al ds #salahabdeslam contre paris services #turquie ",
            "_version_": 1520744592766402568,
            "score": 0.15459315
          }, {
            "text_fr": "RT @battar_103: Le centre médiatique al-Hayat\\nmagazine #DarAlIslam 7\\n\\nLa #France A Genoux\\nhttps://t.co/iC9VrbVs7P\\n#Paris #ISIL #ISIS https:…",
            "id": "671472470935904256",
            "timestamp": "2015-11-30T06:34:47Z",
            "language": "fr",
            "retweeted": false,
            "sensitive": false,
            "user_mentions": ["battar_103"],
            "url": ["https://archive.org/download/DrAlIsllm7/D%C3%A2r%20al%20Isl%C3%A2m%207.pdf"],
            "hashtags": ["DarAlIslam",
              "France",
              "Paris",
              "ISIL",
              "ISIS"
            ],
            "user_id": "4122049648",
            "user_name": "hjprrvvi",
            "verified": false,
            "profileImageURL": "https://pbs.twimg.com/profile_images/670691362745032704/XTQV1gDP_normal.jpg",
            "geo_co_ordinates": "",
            "retweetedID": "671470143113969664",
            "textBlurred": "guerre l'avion russe contre c'est #ei les #turquie #syrie. l'ei ",
            "_version_": 1520744592764305414,
            "score": 0.135269
          }]
        }
      }, {
        "groupValue": "paris",
        "doclist": {
          "numFound": 86,
          "start": 0,
          "maxScore": 0.106224835,
          "docs": [{
            "text_en": "Paris terror attack suspect may be in Syria #suspect #Paris #new #fit #stats https://t.co/Z0d0NjfPS2",
            "id": "671472647910400001",
            "timestamp": "2015-11-30T06:35:29Z",
            "language": "en",
            "retweeted": false,
            "sensitive": false,
            "url": ["http://tinyurl.com/ojrqvsa"],
            "hashtags": ["suspect",
              "Paris",
              "new",
              "fit",
              "stats"
            ],
            "user_id": "3258542776",
            "user_name": "TrainMate",
            "verified": false,
            "profileImageURL": "https://pbs.twimg.com/profile_images/599350720509313026/x89SYVuj_normal.png",
            "geo_co_ordinates": "Bulgaria, Sofia",
            "places_mentioned": ["Syria",
              "Paris"
            ],
            "organizations_mentioned_f": ["Syria",
              "Paris"
            ],
            "retweetedID": "",
            "textBlurred": "#syria #russia refugee &amp; camp available crisis: airstrikes Ã¢â‚¬Â¦ vote ",
            "_version_": 1520744591672737799,
            "score": 0.106224835
          }, {
            "text_de": "RT @Anna_Wibke: #Paris es hilft natürlich ungemein das Flüchtlingsproblem zu bekämpfen, wenn in Syrien Luftangriffe startet",
            "id": "669953568955351040",
            "timestamp": "2015-11-26T01:59:12Z",
            "language": "de",
            "retweeted": false,
            "sensitive": false,
            "user_mentions": ["Anna_Wibke"],
            "hashtags": ["Paris"],
            "user_id": "1034448540",
            "user_name": "pinselpoetin",
            "verified": false,
            "profileImageURL": "https://pbs.twimg.com/profile_images/632333893266448384/LiQo38Wy_normal.jpg",
            "geo_co_ordinates": "DE",
            "places_mentioned": ["Paris"],
            "organizations_mentioned_f": ["Paris"],
            "retweetedID": "666914713264136192",
            "textBlurred": "#flüchtlinge #usa direkt via #syrien assad ... luftschläge lieber zurück ",
            "_version_": 1520744590392426496,
            "score": 0.09952258
          }, {
            "text_de": "RT @de_sputnik: Militärkooperation zwischen #Paris und #Moskau in #Syrien enger als gedacht\\nhttps://t.co/DBS9et39Ki https://t.co/yRf58XIWM8",
            "id": "671870563288260608",
            "timestamp": "2015-12-01T08:56:39Z",
            "language": "de",
            "retweeted": false,
            "sensitive": false,
            "user_mentions": ["de_sputnik"],
            "url": ["http://sptnkne.ws/ajFv"],
            "hashtags": ["Paris",
              "Moskau",
              "Syrien"
            ],
            "user_id": "3346129361",
            "user_name": "marliesvoss1",
            "verified": false,
            "profileImageURL": "https://pbs.twimg.com/profile_images/659359457940512768/TnrF04PO_normal.jpg",
            "geo_co_ordinates": "",
            "places_mentioned": ["Paris",
              "Syrien"
            ],
            "organizations_mentioned_f": ["Paris",
              "Syrien"
            ],
            "retweetedID": "671300163437129728",
            "textBlurred": "eu via hein : pro mehr grundschüler deutsche englisch flüchtling ",
            "_version_": 1520744590458486784,
            "score": 0.09952258
          }, {
            "text_de": "RT @samiraTa1: Die Zivilisten in #Syrien haben eben das große Pech,dass sie nicht in #Paris geboren sind, C'est la vie...\\nhttps://t.co/WOhE…",
            "id": "673336996081876992",
            "timestamp": "2015-12-05T10:03:44Z",
            "language": "de",
            "retweeted": false,
            "sensitive": false,
            "user_mentions": ["samiraTa1"],
            "url": ["http://www.sueddeutsche.de/politik/militaereinsatz-luftschlaege-in-syrien-und-irak-toeten-hunderte-zivilisten-1.2769397"],
            "hashtags": ["Syrien",
              "Paris"
            ],
            "user_id": "54232520",
            "user_name": "RAF2attac",
            "verified": false,
            "profileImageURL": "https://pbs.twimg.com/profile_images/495344221016965121/GYCvwDYX_normal.jpeg",
            "geo_co_ordinates": "Berlin-Tempelhof",
            "places_mentioned": ["Paris"],
            "organizations_mentioned_f": ["Paris"],
            "retweetedID": "673304445539721219",
            "textBlurred": "eu via hein : pro mehr grundschüler deutsche englisch flüchtling ",
            "_version_": 1520744590514061313,
            "score": 0.09952258
          }, {
            "text_en": "RT @Louis_Tomlinson: Thoughts go out to everyone in Paris . #prayforparis",
            "id": "669349503267438593",
            "timestamp": "2015-11-24T09:58:52Z",
            "language": "en",
            "retweeted": false,
            "sensitive": false,
            "user_mentions": ["Louis_Tomlinson"],
            "hashtags": ["prayforparis"],
            "user_id": "3169225670",
            "user_name": "Haya_Khaled70",
            "verified": false,
            "profileImageURL": "https://pbs.twimg.com/profile_images/668611637532893184/UFmHv-sd_normal.jpg",
            "geo_co_ordinates": "Justin followed me 21.7.2015",
            "places_mentioned": ["Paris"],
            "organizations_mentioned_f": ["Paris"],
            "retweetedID": "665496205854687232",
            "textBlurred": "#syria #russia refugee &amp; camp available crisis: airstrikes Ã¢â‚¬Â¦ vote ",
            "_version_": 1520744590849605636,
            "score": 0.09389038
          }, {
            "text_en": "RT @Louis_Tomlinson: Thoughts go out to everyone in Paris . #prayforparis",
            "id": "669726064994717696",
            "timestamp": "2015-11-25T10:55:11Z",
            "language": "en",
            "retweeted": false,
            "sensitive": false,
            "user_mentions": ["Louis_Tomlinson"],
            "hashtags": ["prayforparis"],
            "user_id": "3011850780",
            "user_name": "sofiafsolsan",
            "verified": false,
            "profileImageURL": "https://pbs.twimg.com/profile_images/665991111857467392/9CAzJc5m_normal.jpg",
            "geo_co_ordinates": "",
            "places_mentioned": ["Paris"],
            "organizations_mentioned_f": ["Paris"],
            "retweetedID": "665496205854687232",
            "textBlurred": "#syria #russia refugee &amp; camp available crisis: airstrikes Ã¢â‚¬Â¦ vote ",
            "_version_": 1520744591281618945,
            "score": 0.09389038
          }, {
            "text_en": "RT @Louis_Tomlinson: Thoughts go out to everyone in Paris . #prayforparis",
            "id": "669727033300127744",
            "timestamp": "2015-11-25T10:59:02Z",
            "language": "en",
            "retweeted": false,
            "sensitive": false,
            "user_mentions": ["Louis_Tomlinson"],
            "hashtags": ["prayforparis"],
            "user_id": "1281201012",
            "user_name": "NiyahCastillo",
            "verified": false,
            "profileImageURL": "https://pbs.twimg.com/profile_images/574757568347664384/KQ6ePaNv_normal.jpeg",
            "geo_co_ordinates": "",
            "places_mentioned": ["Paris"],
            "organizations_mentioned_f": ["Paris"],
            "retweetedID": "665496205854687232",
            "textBlurred": "#syria #russia refugee &amp; camp available crisis: airstrikes Ã¢â‚¬Â¦ vote ",
            "_version_": 1520744591297347587,
            "score": 0.09389038
          }, {
            "text_en": "RT @playboy_brasil: \\\"Peace for Paris\\\" #prayforParis https://t.co/75JNlWqFoz",
            "id": "669727296387989504",
            "timestamp": "2015-11-25T11:00:05Z",
            "language": "en",
            "retweeted": false,
            "sensitive": false,
            "user_mentions": ["playboy_brasil"],
            "hashtags": ["prayforParis"],
            "user_id": "1013631061",
            "user_name": "mat_aurelio",
            "verified": false,
            "profileImageURL": "https://pbs.twimg.com/profile_images/2982378637/5972d3cb388cc16fc8300bf5f4d25d92_normal.png",
            "geo_co_ordinates": "",
            "places_mentioned": ["Paris"],
            "organizations_mentioned_f": ["Paris"],
            "retweetedID": "665334670675091456",
            "textBlurred": "hh solution- algohar homegrown younus terrorism #turkey radicalization religions root ",
            "_version_": 1520744591303639040,
            "score": 0.09389038
          }, {
            "text_en": "RT @Louis_Tomlinson: Thoughts go out to everyone in Paris . #prayforparis",
            "id": "669727374255087616",
            "timestamp": "2015-11-25T11:00:23Z",
            "language": "en",
            "retweeted": false,
            "sensitive": false,
            "user_mentions": ["Louis_Tomlinson"],
            "hashtags": ["prayforparis"],
            "user_id": "2504951779",
            "user_name": "Yassury5",
            "verified": false,
            "profileImageURL": "https://pbs.twimg.com/profile_images/646517341203763200/DwPw3U0G_normal.jpg",
            "geo_co_ordinates": "",
            "places_mentioned": ["Paris"],
            "organizations_mentioned_f": ["Paris"],
            "retweetedID": "665496205854687232",
            "textBlurred": "#syria #russia refugee &amp; camp available crisis: airstrikes Ã¢â‚¬Â¦ vote ",
            "_version_": 1520744591305736192,
            "score": 0.09389038
          }, {
            "text_en": "RT @Louis_Tomlinson: Thoughts go out to everyone in Paris . #prayforparis",
            "id": "669953181720428544",
            "timestamp": "2015-11-26T01:57:40Z",
            "language": "en",
            "retweeted": false,
            "sensitive": false,
            "user_mentions": ["Louis_Tomlinson"],
            "hashtags": ["prayforparis"],
            "user_id": "3357430270",
            "user_name": "thuvex",
            "verified": false,
            "profileImageURL": "https://pbs.twimg.com/profile_images/669296557100003329/tantO51U_normal.jpg",
            "geo_co_ordinates": "Naples, Vomero",
            "places_mentioned": ["Paris"],
            "organizations_mentioned_f": ["Paris"],
            "retweetedID": "665496205854687232",
            "textBlurred": "#syria #russia refugee &amp; camp available crisis: airstrikes Ã¢â‚¬Â¦ vote ",
            "_version_": 1520744591406399491,
            "score": 0.09389038
          }]
        }
      }, {
        "groupValue": "isis",
        "doclist": {
          "numFound": 35,
          "start": 0,
          "maxScore": 0.09389038,
          "docs": [{
            "text_en": "#Paris. #Jerusalem. | FLAME https://t.co/xHG9BHAohk #Israel #ISIS #Terrorism #Islam",
            "id": "671870203014340608",
            "timestamp": "2015-12-01T08:55:13Z",
            "language": "en",
            "retweeted": false,
            "sensitive": false,
            "url": ["http://ow.ly/VlgCr"],
            "hashtags": ["Paris",
              "Jerusalem",
              "Israel",
              "ISIS",
              "Terrorism",
              "Islam"
            ],
            "user_id": "21914359",
            "user_name": "isushman",
            "verified": false,
            "profileImageURL": "https://pbs.twimg.com/profile_images/1509396237/Hamsa_normal.jpg",
            "geo_co_ordinates": "Los Angeles",
            "organizations_mentioned": ["ISIS"],
            "organizations_mentioned_f": ["ISIS",
              "USA",
              "Paris"
            ],
            "places_mentioned": ["USA",
              "Paris"
            ],
            "retweetedID": "",
            "textBlurred": "&amp; available camp donated #syria south #russia says force test ",
            "_version_": 1520744591837364231,
            "score": 0.09389038
          }, {
            "text_en": "Ã¢â‚¬Å“THE PARIS ATTACKS: WHAT THEY REALLY MEANÃ¢â‚¬ï¿½ https://t.co/UZ6CihBMk4  #ISIS #Paris #NotInMyName #socialjustice",
            "id": "671474540837535744",
            "timestamp": "2015-11-30T06:43:00Z",
            "language": "en",
            "retweeted": false,
            "sensitive": false,
            "url": ["http://buff.ly/1YEfTto"],
            "hashtags": ["ISIS",
              "Paris",
              "NotInMyName",
              "socialjustice"
            ],
            "user_id": "4057037806",
            "user_name": "lucas_fishman",
            "verified": false,
            "profileImageURL": "https://pbs.twimg.com/profile_images/659162710899232768/m9L7EkUd_normal.jpg",
            "geo_co_ordinates": "",
            "organizations_mentioned": ["ISIS"],
            "organizations_mentioned_f": ["ISIS",
              "Paris"
            ],
            "places_mentioned": ["Paris"],
            "retweetedID": "",
            "textBlurred": "hh solution- algohar homegrown younus terrorism #turkey radicalization religions root ",
            "_version_": 1520744591734603779,
            "score": 0.09294673
          }, {
            "text_en": "Increasing evidence the #Paris attackers may have taken Captagon, #synethicdrug. #ISIS. https://t.co/1fPEZhCizC https://t.co/42eCAWpyNL",
            "id": "669724260168892418",
            "timestamp": "2015-11-25T10:48:01Z",
            "language": "en",
            "retweeted": false,
            "sensitive": false,
            "url": ["http://ab.co/1Ly6ERW"],
            "hashtags": ["Paris",
              "synethicdrug",
              "ISIS"
            ],
            "user_id": "105557635",
            "user_name": "yasdre",
            "verified": false,
            "profileImageURL": "https://pbs.twimg.com/profile_images/651046068692451328/OGklczdZ_normal.png",
            "geo_co_ordinates": "Bangkok, Thailand",
            "organizations_mentioned": ["ISIS"],
            "organizations_mentioned_f": ["ISIS",
              "Paris"
            ],
            "places_mentioned": ["Paris"],
            "retweetedID": "",
            "textBlurred": "#syria #russia refugee &amp; camp available crisis: airstrikes Ã¢â‚¬Â¦ vote ",
            "_version_": 1520744591179907073,
            "score": 0.075112306
          }, {
            "text_en": "Fox News Planted Fake Story Establishing #ISIS Guilt Within Moments of Paris Attacks https://t.co/0V3z9Bbv1n  #ParisAttacks",
            "id": "669727232068362240",
            "timestamp": "2015-11-25T10:59:49Z",
            "language": "en",
            "retweeted": false,
            "sensitive": false,
            "url": ["http://nonalignedmedia.com/2015/11/fox-news-planted-fake-story-establishing-isis-guilt-within-moments-of-paris-attacks/"],
            "hashtags": ["ISIS",
              "ParisAttacks"
            ],
            "user_id": "89920713",
            "user_name": "DavidJamesJnr",
            "verified": false,
            "profileImageURL": "https://pbs.twimg.com/profile_images/3604393637/4711efff72c9597573518ce0832108ee_normal.png",
            "geo_co_ordinates": "Skype+Email dj2015@outlook.com",
            "organizations_mentioned": ["ISIS"],
            "organizations_mentioned_f": ["ISIS",
              "Paris"
            ],
            "places_mentioned": ["Paris"],
            "retweetedID": "",
            "textBlurred": "hh solution- algohar homegrown younus terrorism #turkey radicalization religions root ",
            "_version_": 1520744591301541895,
            "score": 0.075112306
          }, {
            "text_en": "RT @terrorism_info: #EaglesofDeathMetal give first interview about attack on Bataclan #Paris #Isis https://t.co/SO3Rns7TdC",
            "id": "669727579906011136",
            "timestamp": "2015-11-25T11:01:12Z",
            "language": "en",
            "retweeted": false,
            "sensitive": false,
            "user_mentions": ["terrorism_info"],
            "url": ["http://terrorism.trendolizer.com/2015/11/eagles-of-death-metal-give-first-interview-about-attack-on-bataclan.html"],
            "hashtags": ["EaglesofDeathMetal",
              "Paris",
              "Isis"
            ],
            "user_id": "1475858893",
            "user_name": "dadillac75",
            "verified": false,
            "profileImageURL": "https://pbs.twimg.com/profile_images/650018085882073088/8FiILeCj_normal.jpg",
            "geo_co_ordinates": "ozarks",
            "organizations_mentioned": ["ISIS"],
            "organizations_mentioned_f": ["ISIS",
              "Paris"
            ],
            "places_mentioned": ["Paris"],
            "retweetedID": "669713441939177473",
            "textBlurred": "#chennairainshelp #chennairain share please #india government response amla hashim #chennaifloods ",
            "_version_": 1520744591308881922,
            "score": 0.075112306
          }, {
            "text_en": "RT @TRACterrorism: Press release of 15 francophone Salafist preachers condemning the attacks in #Paris and #ISIS https://t.co/sPO4qxaBi1",
            "id": "669953698190241792",
            "timestamp": "2015-11-26T01:59:43Z",
            "language": "en",
            "retweeted": false,
            "sensitive": false,
            "user_mentions": ["TRACterrorism"],
            "url": ["https://twitter.com/_DavidThomson/status/669949805490274305"],
            "hashtags": ["Paris",
              "ISIS"
            ],
            "user_id": "2305228178",
            "user_name": "alert01",
            "verified": false,
            "profileImageURL": "https://pbs.twimg.com/profile_images/468092875440275456/jJkHRnQF_normal.jpeg",
            "geo_co_ordinates": "",
            "organizations_mentioned": ["ISIS"],
            "organizations_mentioned_f": ["ISIS",
              "Paris"
            ],
            "places_mentioned": ["Paris"],
            "retweetedID": "669951462189961216",
            "textBlurred": "#syria #russia refugee &amp; camp available crisis: airstrikes Ã¢â‚¬Â¦ vote ",
            "_version_": 1520744591429468165,
            "score": 0.075112306
          }, {
            "text_en": "#Paris #ParisAttacks #tlot #ISIS: We're doing this for #Islam. Western Leaders: Oh no you're not. https://t.co/zktWAe4tGi\\\",",
            "id": "671468903009230848",
            "timestamp": "2015-11-30T06:20:36Z",
            "language": "en",
            "retweeted": false,
            "sensitive": false,
            "hashtags": ["Paris",
              "ParisAttacks",
              "tlot",
              "ISIS",
              "Islam"
            ],
            "user_id": "826537184",
            "user_name": "PeterTownsend7",
            "verified": false,
            "profileImageURL": "https://pbs.twimg.com/profile_images/482725665033031681/CTkaW9bG_normal.jpeg",
            "geo_co_ordinates": "Sydney ",
            "organizations_mentioned": ["ISIS"],
            "organizations_mentioned_f": ["ISIS",
              "Paris"
            ],
            "places_mentioned": ["Paris"],
            "retweetedID": "",
            "textBlurred": "#turkey #parisattacks radicalization religions root cause #islamophobie #russia hh food ",
            "_version_": 1520744591496577025,
            "score": 0.075112306
          }, {
            "text_en": "RT @_Pranayama: Fears #ISIS taking control of heroin trade, using proceeds for Paris-style attacks https://t.co/LMuVvBkW47",
            "id": "671472416657268736",
            "timestamp": "2015-11-30T06:34:34Z",
            "language": "en",
            "retweeted": false,
            "sensitive": false,
            "user_mentions": ["_Pranayama"],
            "url": ["http://bit.ly/1Ozymm0"],
            "hashtags": ["ISIS"],
            "user_id": "4184720122",
            "user_name": "Michelle315678",
            "verified": false,
            "profileImageURL": "https://pbs.twimg.com/profile_images/665431197221302272/MGB5zxvS_normal.jpg",
            "geo_co_ordinates": "",
            "organizations_mentioned": ["ISIS"],
            "organizations_mentioned_f": ["ISIS",
              "Paris"
            ],
            "places_mentioned": ["Paris"],
            "retweetedID": "671327352341848064",
            "textBlurred": "#syria #russia refugee &amp; camp available crisis: airstrikes Ã¢â‚¬Â¦ vote ",
            "_version_": 1520744591664349190,
            "score": 0.075112306
          }, {
            "text_en": "RT @BSfil: Paris is being used to justify agendas that had nothing to do with the attack https://t.co/1Pyu1soEQO #ISIS #Syria #Obama #tcot",
            "id": "669349235637137408",
            "timestamp": "2015-11-24T09:57:48Z",
            "language": "en",
            "retweeted": false,
            "sensitive": false,
            "user_mentions": ["BSfil"],
            "url": ["http://gu.com/p/4ed6x/stw"],
            "hashtags": ["ISIS",
              "Syria",
              "Obama",
              "tcot"
            ],
            "user_id": "549010227",
            "user_name": "OccupyRMN",
            "verified": false,
            "profileImageURL": "https://pbs.twimg.com/profile_images/572401840772235264/mVq3xgJy_normal.jpeg",
            "geo_co_ordinates": "Rochester, Minnesota, USA",
            "persons_mentioned": ["Obama"],
            "organizations_mentioned_f": ["Obama",
              "ISIS",
              "Syria",
              "Paris"
            ],
            "organizations_mentioned": ["ISIS"],
            "places_mentioned": ["Syria",
              "Paris"
            ],
            "retweetedID": "668623970183151616",
            "textBlurred": "#syria #russia refugee &amp; camp available crisis: airstrikes Ã¢â‚¬Â¦ vote ",
            "_version_": 1520744590841217027,
            "score": 0.06572326
          }, {
            "text_en": "Col_Connaughton: We are fleeing your bombs. #migrants #paris #falseflag #syria #ISIS #iraq #afghanistan #libya https://t.co/4QBboK0gCa 4",
            "id": "669350971139600384",
            "timestamp": "2015-11-24T10:04:42Z",
            "language": "en",
            "retweeted": false,
            "sensitive": false,
            "hashtags": ["migrants",
              "paris",
              "falseflag",
              "syria",
              "ISIS",
              "iraq",
              "afghanistan",
              "libya"
            ],
            "user_id": "3130956173",
            "user_name": "RelaxInParis",
            "verified": false,
            "profileImageURL": "https://pbs.twimg.com/profile_images/586643280345092096/gQDn5nvW_normal.jpg",
            "geo_co_ordinates": "Paris, Ile-de-France",
            "organizations_mentioned": ["ISIS"],
            "organizations_mentioned_f": ["ISIS",
              "Syria",
              "Paris"
            ],
            "places_mentioned": ["Syria",
              "Paris"
            ],
            "retweetedID": "",
            "textBlurred": "#mali #bokoharam #isis #daesh evil food thought & #saudiarabia #iraq ",
            "_version_": 1520744590931394561,
            "score": 0.06572326
          }]
        }
      }, {
        "groupValue": "france",
        "doclist": {
          "numFound": 8,
          "start": 0,
          "maxScore": 0.075112306,
          "docs": [{
            "text_en": "Timeline: FranceÃ¢â‚¬â„¢s shifting #Syria approach https://t.co/7ppSgzOyC0 #CNN #newsfeed #paris",
            "id": "669723962205601792",
            "timestamp": "2015-11-25T10:46:50Z",
            "language": "en",
            "retweeted": false,
            "sensitive": false,
            "url": ["http://goo.gl/IlwauK"],
            "hashtags": ["Syria",
              "CNN",
              "newsfeed",
              "paris"
            ],
            "user_id": "1657098920",
            "user_name": "Ashraf2Azadi",
            "verified": false,
            "profileImageURL": "https://pbs.twimg.com/profile_images/378800000263754467/680b78b5f4cfc3b2f5c9157e2e533716_normal.jpeg",
            "geo_co_ordinates": "",
            "places_mentioned": ["Syria",
              "Paris",
              "France"
            ],
            "organizations_mentioned_f": ["Syria",
              "Paris",
              "France"
            ],
            "retweetedID": "",
            "textBlurred": "#syria #russia refugee &amp; camp available crisis: airstrikes Ã¢â‚¬Â¦ vote ",
            "_version_": 1520744591167324160,
            "score": 0.075112306
          }, {
            "text_en": "Classic Ãƒâ€¦sne Seierstad, but what a tough read given everything going on in Paris, France... #prayforparis... https://t.co/zDWIcK8E8w",
            "id": "669729040106819584",
            "timestamp": "2015-11-25T11:07:00Z",
            "language": "en",
            "retweeted": false,
            "sensitive": false,
            "url": ["http://fb.me/4viDKGk9g"],
            "hashtags": ["prayforparis"],
            "user_id": "2790344196",
            "user_name": "KatePapenberg",
            "verified": false,
            "profileImageURL": "https://pbs.twimg.com/profile_images/507652562128863232/vdlnerJ0_normal.jpeg",
            "geo_co_ordinates": "Steamboat Springs, CO",
            "places_mentioned": ["Paris",
              "France"
            ],
            "organizations_mentioned_f": ["Paris",
              "France"
            ],
            "retweetedID": "",
            "textBlurred": "#syria #russia refugee &amp; camp available crisis: airstrikes Ã¢â‚¬Â¦ vote ",
            "_version_": 1520744591383330819,
            "score": 0.075112306
          }, {
            "text_en": "\\\"#Paris attack was #ISIS;#USA+#Russia+#France will make them toast\\\"@StewWebb:\\\"#BushCrimeFamily+#KhazarianMafia=#NWO https://t.co/XOjifNZk55",
            "id": "671871178588426241",
            "timestamp": "2015-12-01T08:59:06Z",
            "language": "en",
            "retweeted": false,
            "sensitive": false,
            "user_mentions": ["stewwebb"],
            "url": ["https://www.youtube.com/watch?v=ezpnRpQEqbI"],
            "hashtags": ["Paris",
              "ISIS",
              "USA",
              "Russia",
              "France",
              "BushCrimeFamily",
              "KhazarianMafia",
              "NWO"
            ],
            "user_id": "68741593",
            "user_name": "BrianGPowell",
            "verified": false,
            "profileImageURL": "https://pbs.twimg.com/profile_images/392914714/725_Julia_sets_408x408_too-dark-orange_normal.png",
            "geo_co_ordinates": "#9ll=#NWO #Nuclear #FalseFlag!",
            "organizations_mentioned": ["ISIS"],
            "organizations_mentioned_f": ["ISIS",
              "Russia",
              "USA",
              "Paris",
              "France"
            ],
            "places_mentioned": ["Russia",
              "USA",
              "Paris",
              "France"
            ],
            "retweetedID": "",
            "textBlurred": "#syria #russia refugee &amp; camp available crisis: airstrikes Ã¢â‚¬Â¦ vote ",
            "_version_": 1520744591859384322,
            "score": 0.075112306
          }, {
            "text_en": "RT @HistoricalPics: The world turns Blue, White and Red in support of Paris and France. #PrayForParis https://t.co/2Cfr7diZYr",
            "id": "671874582480068608",
            "timestamp": "2015-12-01T09:12:37Z",
            "language": "en",
            "retweeted": false,
            "sensitive": false,
            "user_mentions": ["HistoricalPics"],
            "hashtags": ["PrayForParis"],
            "user_id": "2995503994",
            "user_name": "AMZPIC",
            "verified": false,
            "profileImageURL": "https://pbs.twimg.com/profile_images/558901403653914624/rEg2tp9J_normal.jpeg",
            "geo_co_ordinates": "Europe",
            "places_mentioned": ["Paris",
              "France"
            ],
            "organizations_mentioned_f": ["Paris",
              "France"
            ],
            "retweetedID": "665460221200986114",
            "textBlurred": "#mali #bokoharam #isis #daesh evil food thought & #saudiarabia #iraq ",
            "_version_": 1520744591933833216,
            "score": 0.075112306
          }, {
            "text_en": "A message from the #IslamicState to #America and its dog Obama!\\n\\n#ISIS #ISIL #IS #Daesh #PKK #YPG #Paris #France #UK\\nhttps://t.co/gcAwb4TPqS",
            "id": "669953659690688513",
            "timestamp": "2015-11-26T01:59:34Z",
            "language": "en",
            "retweeted": false,
            "sensitive": false,
            "hashtags": ["IslamicState",
              "America",
              "ISIS",
              "ISIL",
              "IS",
              "Daesh",
              "PKK",
              "YPG",
              "Paris",
              "France",
              "UK"
            ],
            "user_id": "4266461422",
            "user_name": "Battar_41",
            "verified": false,
            "profileImageURL": "https://pbs.twimg.com/profile_images/669262815472066562/0tE-BImQ_normal.jpg",
            "geo_co_ordinates": "",
            "persons_mentioned": ["Obama"],
            "organizations_mentioned_f": ["Obama",
              "ISIS",
              "Paris",
              "France"
            ],
            "organizations_mentioned": ["ISIS"],
            "places_mentioned": ["Paris",
              "France"
            ],
            "retweetedID": "",
            "textBlurred": "#mali #bokoharam #isis #daesh evil food thought & #saudiarabia #iraq ",
            "_version_": 1520744591428419586,
            "score": 0.06572326
          }, {
            "text_en": "RT @NATOSource: #France Defense Minister: \\\"the enemy of France is also the enemy of the UK\\\" #ISIS #Paris https://t.co/T24eH1EMDy https://t.Ã¢â‚¬Â¦",
            "id": "669954024565776384",
            "timestamp": "2015-11-26T02:01:01Z",
            "language": "en",
            "retweeted": false,
            "sensitive": false,
            "user_mentions": ["NATOSource"],
            "url": ["http://www.theguardian.com/commentisfree/2015/nov/26/britain-france-fight-isis"],
            "hashtags": ["France",
              "ISIS",
              "Paris"
            ],
            "user_id": "188681444",
            "user_name": "Stormtroepen",
            "verified": false,
            "profileImageURL": "https://pbs.twimg.com/profile_images/1135318801/scope_normal.jpg",
            "geo_co_ordinates": "",
            "organizations_mentioned": ["ISIS",
              "NATO"
            ],
            "organizations_mentioned_f": ["ISIS",
              "NATO",
              "Paris",
              "France"
            ],
            "places_mentioned": ["Paris",
              "France"
            ],
            "retweetedID": "669953894550773760",
            "textBlurred": "#syria #russia refugee &amp; camp available crisis: airstrikes Ã¢â‚¬Â¦ vote ",
            "_version_": 1520744591446245380,
            "score": 0.06572326
          }, {
            "text_en": "NATOSource: #France Defense Minister: \\\"the enemy of France is also the enemy of the UK\\\" #ISIS #Paris Ã¢â‚¬Â¦ https://t.co/ROfyZUIeA9",
            "id": "669954096032563200",
            "timestamp": "2015-11-26T02:01:18Z",
            "language": "en",
            "retweeted": false,
            "sensitive": false,
            "hashtags": ["France",
              "ISIS",
              "Paris"
            ],
            "user_id": "3130956173",
            "user_name": "RelaxInParis",
            "verified": false,
            "profileImageURL": "https://pbs.twimg.com/profile_images/586643280345092096/gQDn5nvW_normal.jpg",
            "geo_co_ordinates": "Paris, Ile-de-France",
            "organizations_mentioned": ["ISIS",
              "NATO"
            ],
            "organizations_mentioned_f": ["ISIS",
              "NATO",
              "Paris",
              "France"
            ],
            "places_mentioned": ["Paris",
              "France"
            ],
            "retweetedID": "",
            "textBlurred": "#religionofpeace #muhammad peace? #ahmadiyya #wahhabi #wahhabism #religion #quran #islam Ã¢â‚¬Â¦ ",
            "_version_": 1520744591449391109,
            "score": 0.06572326
          }, {
            "text_en": "Damn the headaches, cost, and ISIS. Heading to #France in April. Cant wait. #Paris. Just got our tix. Ã°Å¸â€¡Â«Ã°Å¸â€¡Â·Ã°Å¸â€¡Â«Ã°Å¸â€¡Â·Sometimes u just need to #travel",
            "id": "671473123838029826",
            "timestamp": "2015-11-30T06:37:22Z",
            "language": "en",
            "retweeted": false,
            "sensitive": false,
            "hashtags": ["France",
              "Paris",
              "travel"
            ],
            "user_id": "448978165",
            "user_name": "LaVoiePGH",
            "verified": false,
            "profileImageURL": "https://pbs.twimg.com/profile_images/500407236682719232/vFeMnznK_normal.jpeg",
            "geo_co_ordinates": "Pittsburgh, PA",
            "organizations_mentioned": ["ISIS"],
            "organizations_mentioned_f": ["ISIS",
              "Paris",
              "France"
            ],
            "places_mentioned": ["Paris",
              "France"
            ],
            "retweetedID": "",
            "textBlurred": "#syria #russia refugee &amp; camp available crisis: airstrikes Ã¢â‚¬Â¦ vote ",
            "_version_": 1520744591687417856,
            "score": 0.04694519
          }]
        }
      }, {
        "groupValue": "hollande",
        "doclist": {
          "numFound": 1,
          "start": 0,
          "maxScore": 0.075112306,
          "docs": [{
            "text_en": "#Putin #Hollande READY TO COOPERATE WITH PARIS #isis takedown https://t.co/A1zgN24zKu https://t.co/XixeMlPKJh",
            "id": "669953318781894656",
            "timestamp": "2015-11-26T01:58:12Z",
            "language": "en",
            "retweeted": false,
            "sensitive": false,
            "url": ["https://www.facebook.com/Paris-attacks-Ireland-watch-1029568500419191/"],
            "hashtags": ["Putin",
              "Hollande",
              "isis"
            ],
            "user_id": "4093148531",
            "user_name": "consultsnet1",
            "verified": false,
            "profileImageURL": "https://pbs.twimg.com/profile_images/664298031198552064/8L2vqgcR_normal.jpg",
            "geo_co_ordinates": "Cork, Ireland",
            "persons_mentioned": ["Putin",
              "Hollande"
            ],
            "organizations_mentioned_f": ["Putin",
              "Hollande",
              "ISIS",
              "Paris"
            ],
            "organizations_mentioned": ["ISIS"],
            "places_mentioned": ["Paris"],
            "retweetedID": "",
            "textBlurred": "#mali #bokoharam #isis #daesh evil food thought & #saudiarabia #iraq ",
            "_version_": 1520744591412690947,
            "score": 0.075112306
          }]
        }
      }, {
        "groupValue": "obama",
        "doclist": {
          "numFound": 5,
          "start": 0,
          "maxScore": 0.06572326,
          "docs": [{
            "text_en": "Obama lays rose for Paris victims https://t.co/EfGlpy73FH #1lineWed #Startups #PMQs Russian S-400 #Syria #indiedev https://t.co/cd0EIsePeD",
            "id": "671870549610602496",
            "timestamp": "2015-12-01T08:56:36Z",
            "language": "en",
            "retweeted": false,
            "sensitive": false,
            "url": ["http://is.gd/1vaVaF",
              "https://goo.gl/t4fpx2"
            ],
            "hashtags": ["1lineWed",
              "Startups",
              "PMQs",
              "Syria",
              "indiedev"
            ],
            "user_id": "4271733562",
            "user_name": "NesNate",
            "verified": false,
            "profileImageURL": "https://pbs.twimg.com/profile_images/669403884150984704/7SwWbogU_normal.jpg",
            "geo_co_ordinates": "France",
            "persons_mentioned": ["Obama"],
            "organizations_mentioned_f": ["Obama",
              "Russia",
              "Syria",
              "Paris"
            ],
            "places_mentioned": ["Russia",
              "Syria",
              "Paris"
            ],
            "retweetedID": "",
            "textBlurred": "#india response government #chennaifloods test says #chennairain #chennairainshelp share please ",
            "_version_": 1520744591845752833,
            "score": 0.06572326
          }, {
            "text_en": "Obama lays rose for Paris victims https://t.co/WRNwS0YwzJ #1lineWed #Startups #PMQs Russian S-400 #Syria #indiedev https://t.co/haN9pJdriZ",
            "id": "671870603142545408",
            "timestamp": "2015-12-01T08:56:49Z",
            "language": "en",
            "retweeted": false,
            "sensitive": false,
            "url": ["http://is.gd/1vaVaF",
              "https://goo.gl/EbkOqi"
            ],
            "hashtags": ["1lineWed",
              "Startups",
              "PMQs",
              "Syria",
              "indiedev"
            ],
            "user_id": "4274626216",
            "user_name": "merrymiaa",
            "verified": false,
            "profileImageURL": "https://pbs.twimg.com/profile_images/669500150218231808/rWtoG9x3_normal.jpg",
            "geo_co_ordinates": "London, England",
            "persons_mentioned": ["Obama"],
            "organizations_mentioned_f": ["Obama",
              "Russia",
              "Syria",
              "Paris"
            ],
            "places_mentioned": ["Russia",
              "Syria",
              "Paris"
            ],
            "retweetedID": "",
            "textBlurred": "#india response government #chennaifloods test says #chennairain #chennairainshelp share please ",
            "_version_": 1520744591847849984,
            "score": 0.06572326
          }, {
            "text_en": "RT @HCMess: Obama and Putin met in Paris for 30 minutes, plenty of time for things to get tense.   #Ukraine. #Syria. #Turkey  https://t.co/Ã¢â‚¬Â¦",
            "id": "671470318079361024",
            "timestamp": "2015-11-30T06:26:13Z",
            "language": "en",
            "retweeted": false,
            "sensitive": false,
            "user_mentions": ["HCMess"],
            "url": ["http://mashable.com/2015/11/30/obama-putin-climate-talks-syria-ukraine/#yXHIW4RQDaqQ"],
            "hashtags": ["Ukraine",
              "Syria",
              "Turkey"
            ],
            "user_id": "3025428083",
            "user_name": "StopPutinstop",
            "verified": false,
            "profileImageURL": "https://pbs.twimg.com/profile_images/564506881821904896/iSkkec-0_normal.jpeg",
            "geo_co_ordinates": "Brussels",
            "persons_mentioned": ["Putin",
              "Obama"
            ],
            "organizations_mentioned_f": ["Putin",
              "Obama",
              "Syria",
              "Turkey",
              "Paris"
            ],
            "places_mentioned": ["Syria",
              "Turkey",
              "Paris"
            ],
            "retweetedID": "671464390370066433",
            "textBlurred": "#syria #russia refugee &amp; camp available crisis: airstrikes Ã¢â‚¬Â¦ vote ",
            "_version_": 1520744591538520066,
            "score": 0.056334227
          }, {
            "text_en": "RT @merrymiaa: Obama lays rose for Paris victims https://t.co/WRNwS0YwzJ #1lineWed #Startups #PMQs Russian S-400 #Syria #indiedev https://tÃ¢â‚¬Â¦",
            "id": "671871005594427392",
            "timestamp": "2015-12-01T08:58:25Z",
            "language": "en",
            "retweeted": false,
            "sensitive": false,
            "user_mentions": ["merrymiaa"],
            "url": ["http://is.gd/1vaVaF",
              "https://goo.gl/EbkOqi"
            ],
            "hashtags": ["1lineWed",
              "Startups",
              "PMQs",
              "Syria",
              "indiedev"
            ],
            "user_id": "2857426909",
            "user_name": "IndieGameDevBot",
            "verified": false,
            "profileImageURL": "https://pbs.twimg.com/profile_images/522536769502195712/cG1yitHo_normal.jpeg",
            "geo_co_ordinates": "",
            "persons_mentioned": ["Obama"],
            "organizations_mentioned_f": ["Obama",
              "Russia",
              "Syria",
              "Paris"
            ],
            "places_mentioned": ["Russia",
              "Syria",
              "Paris"
            ],
            "retweetedID": "671870603142545408",
            "textBlurred": "#india response government #chennaifloods test says #chennairain #chennairainshelp share please ",
            "_version_": 1520744591855190018,
            "score": 0.056334227
          }, {
            "text_en": "RT @Olaaudreyhere: https://t.co/LPPAtTHs99 Obama lays rose for Paris victims https://t.co/nNVXHV1pOf #1lineWed #Startups #PMQs Russian S-40Ã¢â‚¬Â¦",
            "id": "671871384902086656",
            "timestamp": "2015-12-01T08:59:55Z",
            "language": "en",
            "retweeted": false,
            "sensitive": false,
            "user_mentions": ["Olaaudreyhere"],
            "url": ["https://goo.gl/t4fpx2",
              "http://is.gd/1vaVaF"
            ],
            "hashtags": ["1lineWed",
              "Startups",
              "PMQs",
              "Syria",
              "indiedev"
            ],
            "user_id": "1337678305",
            "user_name": "GameDevBRbot",
            "verified": false,
            "profileImageURL": "https://pbs.twimg.com/profile_images/645761542269440000/a2TC8EJh_normal.jpg",
            "geo_co_ordinates": "",
            "persons_mentioned": ["Obama"],
            "organizations_mentioned_f": ["Obama",
              "Russia",
              "Paris"
            ],
            "places_mentioned": ["Russia",
              "Paris"
            ],
            "retweetedID": "671870662953328645",
            "textBlurred": "#india response government #chennaifloods test says #chennairain #chennairainshelp share please ",
            "_version_": 1520744591863578629,
            "score": 0.056334227
          }]
        }
      }, {
        "groupValue": "assad",
        "doclist": {
          "numFound": 2,
          "start": 0,
          "maxScore": 0.056334227,
          "docs": [{
            "text_en": "RT @LinaArabii: Al-Assad said the terror attacks which hit #Paris can't be separated from the ones that hit #Beirut on Thursday or #Syria oÃ¢â‚¬Â¦",
            "id": "669349690350166017",
            "timestamp": "2015-11-24T09:59:36Z",
            "language": "en",
            "retweeted": false,
            "sensitive": false,
            "user_mentions": ["LinaArabii"],
            "hashtags": ["Paris",
              "Beirut",
              "Syria"
            ],
            "user_id": "33408119",
            "user_name": "BlackQueenLara",
            "verified": false,
            "profileImageURL": "https://pbs.twimg.com/profile_images/669149498476765184/LUMMvsly_normal.jpg",
            "geo_co_ordinates": "US California, F Paris, World",
            "persons_mentioned": ["Assad"],
            "organizations_mentioned_f": ["Assad",
              "Syria",
              "Paris"
            ],
            "places_mentioned": ["Syria",
              "Paris"
            ],
            "retweetedID": "665578513148289029",
            "textBlurred": "#syria #russia refugee &amp; camp available crisis: airstrikes Ã¢â‚¬Â¦ vote ",
            "_version_": 1520744590862188550,
            "score": 0.056334227
          }, {
            "text_en": "RT @LinaArabii: Al-Assad said the terror attacks which hit #Paris can't be separated from the ones that hit #Beirut on Thursday or #Syria oÃ¢â‚¬Â¦",
            "id": "669350187366801408",
            "timestamp": "2015-11-24T10:01:35Z",
            "language": "en",
            "retweeted": false,
            "sensitive": false,
            "user_mentions": ["LinaArabii"],
            "hashtags": ["Paris",
              "Beirut",
              "Syria"
            ],
            "user_id": "114804210",
            "user_name": "xirus11",
            "verified": false,
            "profileImageURL": "https://pbs.twimg.com/profile_images/627495233438101504/aSSDESNK_normal.png",
            "geo_co_ordinates": "Lancaster, PA, Murica [Hell]",
            "persons_mentioned": ["Assad"],
            "organizations_mentioned_f": ["Assad",
              "Syria",
              "Paris"
            ],
            "places_mentioned": ["Syria",
              "Paris"
            ],
            "retweetedID": "665578513148289029",
            "textBlurred": "#syria #russia refugee &amp; camp available crisis: airstrikes Ã¢â‚¬Â¦ vote ",
            "_version_": 1520744590907277313,
            "score": 0.056334227
          }]
        }
      }]
    },
    "persons_mentioned_f": {
      "matches": 178,
      "groups": [{
        "groupValue": null,
        "doclist": {
          "numFound": 178,
          "start": 0,
          "maxScore": 0.19324143,
          "docs": [{
            "text_fr": "RT @Lisaraniray: Paris je t'aime.\\n#PrayForParis https://t.co/xAHCb0x9Kj",
            "id": "669728768366243840",
            "timestamp": "2015-11-25T11:05:55Z",
            "language": "fr",
            "retweeted": false,
            "sensitive": false,
            "user_mentions": ["Lisaraniray"],
            "hashtags": ["PrayForParis"],
            "user_id": "583895882",
            "user_name": "vishalpadhiyar1",
            "verified": false,
            "profileImageURL": "https://pbs.twimg.com/profile_images/643756012944527360/864K98GM_normal.jpg",
            "geo_co_ordinates": "Jaipur, Rajasthan",
            "retweetedID": "665429997725859840",
            "textBlurred": "guerre l'avion russe contre c'est #ei les #turquie #syrie. l'ei ",
            "_version_": 1520744592746479617,
            "score": 0.19324143
          }, {
            "text_fr": "#Sassoufit #Sassoufit Tellement d'événements qui se succèdent #Liban #Paris #Bamako #Tunis #Syrie... Je suis devenu #toutlemonde",
            "id": "669350566682828801",
            "timestamp": "2015-11-24T10:03:05Z",
            "language": "fr",
            "retweeted": false,
            "sensitive": false,
            "hashtags": ["Sassoufit",
              "Sassoufit",
              "Liban",
              "Paris",
              "Bamako",
              "Tunis",
              "Syrie",
              "toutlemonde"
            ],
            "user_id": "4023241827",
            "user_name": "la_sangha",
            "verified": false,
            "profileImageURL": "https://abs.twimg.com/sticky/default_profile_images/default_profile_3_normal.png",
            "geo_co_ordinates": "",
            "retweetedID": "",
            "textBlurred": "plus depuis contre #sassoufit guerre a #turquie : #syrie l'ei ",
            "_version_": 1520744592701390848,
            "score": 0.15459315
          }, {
            "text_fr": "#Sassoufit la_sangha: #Sassoufit Tellement d'événements qui se succèdent #Liban #Paris #Bamako #Tunis #Syrie... Je suis devenu #toutlemonde",
            "id": "669350570793287680",
            "timestamp": "2015-11-24T10:03:06Z",
            "language": "fr",
            "retweeted": false,
            "sensitive": false,
            "hashtags": ["Sassoufit",
              "Sassoufit",
              "Liban",
              "Paris",
              "Bamako",
              "Tunis",
              "Syrie",
              "toutlemonde"
            ],
            "user_id": "4023241827",
            "user_name": "la_sangha",
            "verified": false,
            "profileImageURL": "https://abs.twimg.com/sticky/default_profile_images/default_profile_3_normal.png",
            "geo_co_ordinates": "",
            "retweetedID": "",
            "textBlurred": "plus depuis contre #sassoufit guerre a #turquie : #syrie l'ei ",
            "_version_": 1520744592701390850,
            "score": 0.15459315
          }, {
            "text_fr": "la_sangha: #Sassoufit la_sangha: #Sassoufit Tellement d'événements qui se succèdent #Liban #Paris #Bamako #Tunis #Syrie... Je suis devenu #…",
            "id": "669350993356812289",
            "timestamp": "2015-11-24T10:04:47Z",
            "language": "fr",
            "retweeted": false,
            "sensitive": false,
            "hashtags": ["Sassoufit",
              "Sassoufit",
              "Liban",
              "Paris",
              "Bamako",
              "Tunis",
              "Syrie"
            ],
            "user_id": "3130956173",
            "user_name": "RelaxInParis",
            "verified": false,
            "profileImageURL": "https://pbs.twimg.com/profile_images/586643280345092096/gQDn5nvW_normal.jpg",
            "geo_co_ordinates": "Paris, Ile-de-France",
            "retweetedID": "",
            "textBlurred": "plus depuis contre #sassoufit guerre a #turquie : #syrie l'ei ",
            "_version_": 1520744592707682307,
            "score": 0.15459315
          }, {
            "text_fr": "RT @GossipRoomOff: La ville de Paris a éteint les lumières de la Tour Eiffel en mémoire aux victimes des attentats. 🙏🇫🇷 #PrayForParis https…",
            "id": "669353016005435393",
            "timestamp": "2015-11-24T10:12:49Z",
            "language": "fr",
            "retweeted": false,
            "sensitive": false,
            "user_mentions": ["GossipRoomOff"],
            "hashtags": ["PrayForParis"],
            "user_id": "866717755",
            "user_name": "larycroute",
            "verified": false,
            "profileImageURL": "https://pbs.twimg.com/profile_images/600447143590105088/cU163mqX_normal.jpg",
            "geo_co_ordinates": "Citoyenne du monde.",
            "retweetedID": "665612094180577282",
            "textBlurred": "#prayforparis victimes #syrie al ds #salahabdeslam contre paris services #turquie ",
            "_version_": 1520744592713973760,
            "score": 0.15459315
          }, {
            "text_fr": "Les grues, symbole de la paix, pour @Paris Origami cranes for #PrayForParis https://t.co/1qrz7pvnA6",
            "id": "669728972419284995",
            "timestamp": "2015-11-25T11:06:44Z",
            "language": "fr",
            "retweeted": false,
            "sensitive": false,
            "user_mentions": ["Paris"],
            "hashtags": ["PrayForParis"],
            "user_id": "895651194",
            "user_name": "MmeGoulet",
            "verified": false,
            "profileImageURL": "https://pbs.twimg.com/profile_images/378800000569398491/7e12fa647e8ca318630baf24a68d9eb7_normal.jpeg",
            "geo_co_ordinates": "",
            "retweetedID": "",
            "textBlurred": "guerre l'avion russe contre c'est #ei les #turquie #syrie. l'ei ",
            "_version_": 1520744592746479619,
            "score": 0.15459315
          }, {
            "text_fr": "RT @GaspardAlizan: #Hollande en \\\"chef de guerre\\\" (Mali-Charlie-Paris) qui progresse dans l'opinion ça va l'inciter à des troupes au sol en …",
            "id": "669953723037319168",
            "timestamp": "2015-11-26T01:59:49Z",
            "language": "fr",
            "retweeted": false,
            "sensitive": false,
            "user_mentions": ["GaspardAlizan"],
            "hashtags": ["Hollande",
              "Syrie"
            ],
            "user_id": "1724927846",
            "user_name": "Pairedailes",
            "verified": false,
            "profileImageURL": "https://pbs.twimg.com/profile_images/516319659755200512/Z__kEC8L_normal.jpeg",
            "geo_co_ordinates": "",
            "retweetedID": "669947299716587521",
            "textBlurred": "contre #russie #turquie #sassoufit : guerre #prayforparis les russe #daech ",
            "_version_": 1520744592753819651,
            "score": 0.15459315
          }, {
            "text_fr": "Deux, Trois Ou Quatre\\n\\nhttps://t.co/iC9VrbVs7P\\nMagazine #DarAllsalam\\n\\n#Paris #France #ISIS #ISIL #IS https://t.co/4pm0TrOZF2",
            "id": "671473639045406723",
            "timestamp": "2015-11-30T06:39:25Z",
            "language": "fr",
            "retweeted": false,
            "sensitive": false,
            "url": ["https://archive.org/download/DrAlIsllm7/D%C3%A2r%20al%20Isl%C3%A2m%207.pdf"],
            "hashtags": ["DarAllsalam",
              "Paris",
              "France",
              "ISIS",
              "ISIL",
              "IS"
            ],
            "user_id": "4296673235",
            "user_name": "battar_103",
            "verified": false,
            "profileImageURL": "https://pbs.twimg.com/profile_images/671405330497163264/v4OMMnEX_normal.jpg",
            "geo_co_ordinates": "",
            "retweetedID": "",
            "textBlurred": "guerre l'avion russe contre c'est #ei les #turquie #syrie. l'ei ",
            "_version_": 1520744592766402563,
            "score": 0.15459315
          }, {
            "text_fr": "RT @BCMBasket: Sportica sera vêtu en 🔵⚪️🔴, ce soir, en hommage aux victimes des attentats de Paris 🇫🇷 #PrayForParis https://t.co/9B0lhuJsw7",
            "id": "671473920898408448",
            "timestamp": "2015-11-30T06:40:32Z",
            "language": "fr",
            "retweeted": false,
            "sensitive": false,
            "user_mentions": ["BCMBasket"],
            "hashtags": ["PrayForParis"],
            "user_id": "2255073996",
            "user_name": "Valentin_PARIS_",
            "verified": false,
            "profileImageURL": "https://pbs.twimg.com/profile_images/414043664399482880/eEoKxG4-_normal.jpeg",
            "geo_co_ordinates": "",
            "retweetedID": "671329679048056832",
            "textBlurred": "#prayforparis victimes #syrie al ds #salahabdeslam contre paris services #turquie ",
            "_version_": 1520744592766402568,
            "score": 0.15459315
          }, {
            "text_fr": "RT @battar_103: Le centre médiatique al-Hayat\\nmagazine #DarAlIslam 7\\n\\nLa #France A Genoux\\nhttps://t.co/iC9VrbVs7P\\n#Paris #ISIL #ISIS https:…",
            "id": "671472470935904256",
            "timestamp": "2015-11-30T06:34:47Z",
            "language": "fr",
            "retweeted": false,
            "sensitive": false,
            "user_mentions": ["battar_103"],
            "url": ["https://archive.org/download/DrAlIsllm7/D%C3%A2r%20al%20Isl%C3%A2m%207.pdf"],
            "hashtags": ["DarAlIslam",
              "France",
              "Paris",
              "ISIL",
              "ISIS"
            ],
            "user_id": "4122049648",
            "user_name": "hjprrvvi",
            "verified": false,
            "profileImageURL": "https://pbs.twimg.com/profile_images/670691362745032704/XTQV1gDP_normal.jpg",
            "geo_co_ordinates": "",
            "retweetedID": "671470143113969664",
            "textBlurred": "guerre l'avion russe contre c'est #ei les #turquie #syrie. l'ei ",
            "_version_": 1520744592764305414,
            "score": 0.135269
          }]
        }
      }]
    }
  }
}